City_ID,City,Country,Date,Lat,Lng,Max Temp,Humidity,Cloudiness,Wind Speed
0,Shrigonda,IN,2022-07-25 19:39:45,18.6167,74.6833,74.08,84,100,10.63
1,Tuktoyaktuk,CA,2022-07-25 19:39:46,69.4541,-133.0374,53.6,76,75,14.97
2,Esperance,AU,2022-07-25 19:39:46,-33.8667,121.9,51.15,59,28,16.62
3,Isabela,PH,2022-07-25 19:39:46,6.7085,121.9711,77.54,85,98,3.51
4,Puerto Ayora,EC,2022-07-25 19:39:47,-0.7393,-90.3518,80.56,89,66,8.99
5,Busselton,AU,2022-07-25 19:38:23,-33.65,115.3333,62.67,72,75,23.13
6,Husavik,IS,2022-07-25 19:39:47,66.0449,-17.3389,48.31,83,100,4.21
7,Kapaa,US,2022-07-25 19:39:48,22.0752,-159.319,80.92,69,20,17.27
8,Tasiilaq,GL,2022-07-25 19:38:22,65.6145,-37.6368,48.36,87,100,2.66
9,Kopidlno,CZ,2022-07-25 19:39:48,50.3308,15.2703,82.44,55,89,5.95
10,Saint-Philippe,RE,2022-07-25 19:39:48,-21.3585,55.7679,65.21,81,43,10.38
11,San Pablo,PH,2022-07-25 19:39:49,14.0669,121.3258,76.62,93,99,0.94
12,Ulagan,RU,2022-07-25 19:39:49,50.6321,87.9563,41.81,93,5,0.85
13,Hilo,US,2022-07-25 19:38:26,19.7297,-155.09,89.28,76,100,6.91
14,Qiongshan,CN,2022-07-25 19:39:49,20.0058,110.3542,80.58,89,40,2.24
15,Nalut,LY,2022-07-25 19:39:50,30.3333,10.85,87.28,14,0,8.7
16,Baoshan,CN,2022-07-25 19:39:50,46.5586,131.4244,63.52,95,0,1.79
17,Linhares,BR,2022-07-25 19:39:45,-19.3911,-40.0722,74.05,67,12,8.12
18,Faanui,PF,2022-07-25 19:39:51,-16.4833,-151.75,76.8,80,20,9.53
19,Sucua,EC,2022-07-25 19:39:51,-2.4667,-78.1667,68.74,94,100,9.22
20,Rikitea,PF,2022-07-25 19:38:27,-23.1203,-134.9692,75.38,70,62,17.6
21,Cherskiy,RU,2022-07-25 19:38:29,68.75,161.3,48.76,51,74,9.15
22,Chuy,UY,2022-07-25 19:39:52,-33.6971,-53.4616,59.56,95,100,5.46
23,Carnarvon,AU,2022-07-25 19:39:52,-24.8667,113.6333,61.65,39,0,9.06
24,Tatarskaya Kargala,RU,2022-07-25 19:39:53,51.9495,55.1731,64.42,79,49,3.56
25,Santa Lucia,ES,2022-07-25 19:39:53,27.9117,-15.5407,78.76,69,0,24.16
26,Gasa,PS,2022-07-25 19:34:56,31.5,34.4667,80.22,68,0,3.91
27,Atuona,PF,2022-07-25 19:35:17,-9.8,-139.0333,77.11,67,50,11.79
28,Cabo San Lucas,MX,2022-07-25 19:37:17,22.8909,-109.9124,93.61,61,20,10.0
29,Nikolskoye,RU,2022-07-25 19:39:54,59.7035,30.7861,66.09,93,100,3.47
30,Coahuayana,MX,2022-07-25 19:39:54,18.7333,-103.6833,84.65,73,100,4.14
31,Port Hardy,CA,2022-07-25 19:39:54,50.6996,-127.4199,68.18,77,40,14.97
32,Bluff,NZ,2022-07-25 19:38:26,-46.6,168.3333,44.8,88,100,26.62
33,Kodiak,US,2022-07-25 19:36:36,57.79,-152.4072,62.11,67,0,17.27
34,Sao Joao Da Barra,BR,2022-07-25 19:37:21,-21.6403,-41.0511,78.89,81,0,13.18
35,Port Alfred,ZA,2022-07-25 19:37:10,-33.5906,26.891,56.75,71,0,15.5
36,Barrow,US,2022-07-25 19:39:56,71.2906,-156.7887,37.42,93,100,23.02
37,Bathsheba,BB,2022-07-25 19:39:56,13.2167,-59.5167,81.21,95,75,17.27
38,Pingliang,CN,2022-07-25 19:39:56,35.5392,106.6861,69.17,93,5,5.95
39,Hvolsvollur,IS,2022-07-25 19:39:57,63.7533,-20.2243,52.47,77,100,4.79
40,Hamilton,US,2022-07-25 19:38:33,39.1834,-84.5333,83.64,65,40,8.05
41,Ushuaia,AR,2022-07-25 19:36:04,-54.8,-68.3,35.22,75,40,24.16
42,Vidim,RU,2022-07-25 19:39:57,56.4088,103.1106,57.52,99,100,12.24
43,Port-Gentil,GA,2022-07-25 19:37:28,-0.7193,8.7815,75.16,88,100,11.5
44,Vao,NC,2022-07-25 19:39:58,-22.6667,167.4833,69.51,74,69,15.05
45,Hobart,AU,2022-07-25 19:39:58,-42.8794,147.3294,53.46,93,100,4.61
46,Esso,RU,2022-07-25 19:39:58,55.9333,158.7,54.18,95,100,0.27
47,Cape Town,ZA,2022-07-25 19:40:19,-33.9258,18.4232,61.38,64,0,3.0
48,Ojinaga,MX,2022-07-25 19:40:19,29.5667,-104.4167,96.42,36,0,9.22
49,Roma,US,2022-07-25 19:35:55,43.2128,-75.4557,78.96,63,75,18.41
50,Mataura,NZ,2022-07-25 19:38:25,-46.1927,168.8643,44.47,96,100,11.05
51,Fare,PF,2022-07-25 19:40:20,-16.7,-151.0167,76.3,82,67,9.48
52,Airai,TL,2022-07-25 19:38:33,-8.9266,125.4092,54.07,84,12,3.42
53,San Pedro De Macoris,DO,2022-07-25 19:40:21,18.4616,-69.2972,90.21,63,60,14.43
54,Bereznik,RU,2022-07-25 19:40:21,62.8551,42.7072,57.65,77,97,4.09
55,Tecoanapa,MX,2022-07-25 19:40:22,16.5167,-98.75,86.5,58,62,9.44
56,Adrar,MR,2022-07-25 19:40:22,20.5022,-10.0711,98.37,22,72,10.69
57,Tilichiki,RU,2022-07-25 19:40:22,60.4667,166.1,53.04,72,99,3.36
58,Nanning,CN,2022-07-25 19:40:23,22.8167,108.3167,81.05,86,5,3.22
59,Pevek,RU,2022-07-25 19:40:23,69.7008,170.3133,36.18,81,86,6.53
60,Riyadh,SA,2022-07-25 19:36:30,24.6877,46.7219,100.54,13,55,14.29
61,Butaritari,KI,2022-07-25 19:40:24,3.0707,172.7902,82.06,69,83,20.27
62,Koungheul,SN,2022-07-25 19:40:24,13.9833,-14.8,84.61,67,92,8.93
63,Sterling,US,2022-07-25 19:40:25,39.0062,-77.4286,88.66,74,100,6.91
64,Kosonsoy,UZ,2022-07-25 19:40:25,41.2561,71.5508,77.56,18,0,6.38
65,Astana,KZ,2022-07-25 19:40:25,51.1801,71.446,66.15,52,0,6.71
66,Jamestown,US,2022-07-25 19:40:26,42.097,-79.2353,77.52,53,20,18.41
67,Peace River,CA,2022-07-25 19:40:26,56.2501,-117.286,75.51,43,75,4.61
68,Qaanaaq,GL,2022-07-25 19:38:23,77.484,-69.3632,44.04,69,1,0.83
69,Kutulik,RU,2022-07-25 19:40:27,53.3508,102.7839,51.58,95,100,19.53
70,Viedma,AR,2022-07-25 19:40:28,-40.8135,-62.9967,48.02,84,100,13.2
71,Punta Arenas,CL,2022-07-25 19:38:32,-53.15,-70.9167,39.31,48,0,18.41
72,La Paz Centro,NI,2022-07-25 19:40:28,12.34,-86.6753,92.77,42,94,6.33
73,Zadar,HR,2022-07-25 19:40:28,44.1197,15.2422,81.21,47,0,2.3
74,Castro,BR,2022-07-25 19:40:29,-24.7911,-50.0119,69.04,59,86,2.53
75,Klaksvik,FO,2022-07-25 19:40:29,62.2266,-6.589,49.12,84,31,15.52
76,Seoul,KR,2022-07-25 19:35:47,37.5683,126.9778,74.8,94,0,3.44
77,Yerbogachen,RU,2022-07-25 19:40:30,61.2767,108.0108,62.94,88,30,6.13
78,Hithadhoo,MV,2022-07-25 19:38:20,-0.6,73.0833,82.33,72,6,8.61
79,Mafinga,TZ,2022-07-25 19:40:30,-7.25,35.0667,66.87,59,60,5.64
80,Odesskoye,RU,2022-07-25 19:40:31,54.2111,72.9651,68.27,63,8,7.61
81,Vaini,TO,2022-07-25 19:38:31,-21.2,-175.2,71.76,88,20,5.75
82,Hualmay,PE,2022-07-25 19:40:31,-11.0964,-77.6139,66.13,72,58,10.27
83,Ngerengere,TZ,2022-07-25 19:40:32,-6.75,38.1167,72.54,69,93,3.36
84,Itoman,JP,2022-07-25 19:40:32,26.1247,127.6694,84.22,84,1,1.14
85,Tommot,RU,2022-07-25 19:40:32,58.9564,126.2925,65.52,82,9,2.42
86,Katima Mulilo,NA,2022-07-25 19:40:33,-17.5,24.2667,63.36,36,0,7.05
87,Kirakira,SB,2022-07-25 19:40:33,-10.4544,161.9205,78.94,84,76,8.34
88,Lyubim,RU,2022-07-25 19:40:34,58.3625,40.6843,64.38,95,4,4.85
89,Longyearbyen,SJ,2022-07-25 19:40:34,78.2186,15.6401,48.04,81,75,17.27
90,Mayo,US,2022-07-25 19:35:59,38.8876,-76.5119,91.51,76,94,12.41
91,Union,US,2022-07-25 19:37:03,40.6334,-74.2663,91.22,73,75,4.61
92,Iqaluit,CA,2022-07-25 19:40:35,63.7506,-68.5145,46.13,93,20,5.75
93,Ambagarh Chauki,IN,2022-07-25 19:40:55,20.7833,80.7167,73.96,95,100,4.9
94,Nanortalik,GL,2022-07-25 19:40:56,60.1432,-45.2371,42.19,96,100,5.17
95,Yumen,CN,2022-07-25 19:40:56,40.2833,97.2,75.58,31,42,8.14
96,Bredasdorp,ZA,2022-07-25 19:40:56,-34.5322,20.0403,48.97,79,0,3.38
97,Thompson,CA,2022-07-25 19:38:18,55.7435,-97.8558,62.76,77,75,5.75
98,Ihosy,MG,2022-07-25 19:40:57,-22.4,46.1167,62.62,83,98,5.35
99,Araouane,ML,2022-07-25 19:40:57,18.9048,-3.5265,102.11,20,16,2.08
100,Ahipara,NZ,2022-07-25 19:40:58,-35.1667,173.1667,56.73,87,61,22.19
101,Katsuura,JP,2022-07-25 19:40:58,35.1333,140.3,78.82,92,91,16.73
102,Shanhetun,CN,2022-07-25 19:40:59,44.7,127.2,66.79,92,94,3.98
103,Mawlaik,MM,2022-07-25 19:40:59,23.6333,94.4167,75.33,97,99,0.76
104,Verkhnedneprovskiy,RU,2022-07-25 19:40:59,54.9813,33.3457,58.91,93,41,5.1
105,Harper,LR,2022-07-25 19:41:00,4.375,-7.7169,73.85,76,53,6.87
106,Zhanakorgan,KZ,2022-07-25 19:41:00,43.9098,67.2495,88.65,17,1,9.71
107,Victoria,HK,2022-07-25 19:37:18,22.2855,114.1577,87.33,80,88,5.99
108,Bonthe,SL,2022-07-25 19:41:01,7.5264,-12.505,75.6,78,100,8.21
109,Linxia,CN,2022-07-25 19:41:01,35.6003,103.2064,63.93,68,0,3.13
110,Alta Floresta,BR,2022-07-25 19:41:01,-9.8756,-56.0861,96.62,23,0,2.3
111,Sao Gabriel Da Cachoeira,BR,2022-07-25 19:41:02,-0.1303,-67.0892,85.8,74,40,5.75
112,Dikson,RU,2022-07-25 19:38:25,73.5069,80.5464,45.77,95,98,22.91
113,Trinidad,BO,2022-07-25 19:41:02,-14.8333,-64.9,94.98,41,20,11.5
114,Lompoc,US,2022-07-25 19:37:59,34.6391,-120.4579,85.69,73,0,12.66
115,San Ignacio,BZ,2022-07-25 19:41:03,17.1561,-89.0714,87.94,66,75,3.44
116,Bethel,US,2022-07-25 19:37:49,41.3712,-73.414,86.36,75,40,6.91
117,Ponta Do Sol,PT,2022-07-25 19:41:04,32.6667,-17.1,86.63,61,79,3.69
118,Richards Bay,ZA,2022-07-25 19:41:04,-28.783,32.0377,57.16,76,7,5.44
119,New Norfolk,AU,2022-07-25 19:38:22,-42.7826,147.0587,53.1,88,100,1.41
120,Semporna,MY,2022-07-25 19:41:05,4.4818,118.6112,78.93,84,94,1.97
121,Zhigalovo,RU,2022-07-25 19:41:05,54.8097,105.1578,60.19,99,100,3.58
122,Vagur,FO,2022-07-25 19:41:05,61.4732,-6.8119,49.12,81,8,16.8
123,Bambous Virieux,MU,2022-07-25 19:41:06,-20.3428,57.7575,68.25,83,40,11.5
124,Hazorasp,UZ,2022-07-25 19:41:06,41.3194,61.0742,80.44,30,79,19.19
125,Clyde River,CA,2022-07-25 19:41:07,70.4692,-68.5914,44.83,87,75,6.91
126,Port Hedland,AU,2022-07-25 19:41:07,-20.3167,118.5667,60.85,44,45,12.66
127,Tingi,TZ,2022-07-25 19:41:08,-11.3,35.0333,57.81,75,13,2.59
128,Namatanai,PG,2022-07-25 19:41:08,-3.6667,152.4333,78.13,85,27,9.48
129,Omboue,GA,2022-07-25 19:41:09,-1.5746,9.2618,72.57,85,52,8.25
130,Tabuk,PH,2022-07-25 19:41:09,17.4189,121.4443,75.16,92,99,2.19
131,Albany,US,2022-07-25 19:35:28,42.6001,-73.9662,85.59,61,27,1.99
132,Ancud,CL,2022-07-25 19:41:10,-41.8697,-73.8203,50.23,87,100,12.06
133,Saint-Augustin,CA,2022-07-25 19:41:10,51.226,-58.6502,57.92,98,100,13.62
134,Sharjah,AE,2022-07-25 19:41:10,25.3573,55.4033,96.78,63,100,19.57
135,Filingue,NE,2022-07-25 19:41:11,14.3521,3.3168,90.82,45,89,16.42
136,Mount Gambier,AU,2022-07-25 19:41:11,-37.8333,140.7667,48.24,67,80,13.69
137,Aklavik,CA,2022-07-25 19:41:11,68.2191,-135.0107,69.57,45,11,14.47
138,Lebu,CL,2022-07-25 19:41:12,-37.6167,-73.65,51.66,90,100,19.06
139,Nome,US,2022-07-25 19:41:13,64.5011,-165.4064,53.67,83,100,14.97
140,Fort Nelson,CA,2022-07-25 19:41:18,58.8053,-122.7002,72.99,43,75,5.75
141,Havoysund,NO,2022-07-25 19:41:33,70.9963,24.6622,52.03,96,100,9.42
142,Guerrero Negro,MX,2022-07-25 19:38:27,27.9769,-114.0611,83.64,44,0,9.33
143,Hermanus,ZA,2022-07-25 19:38:23,-34.4187,19.2345,49.8,65,0,8.43
144,Lagoa,PT,2022-07-25 19:41:34,39.05,-27.9833,75.02,86,0,9.33
145,Yellowknife,CA,2022-07-25 19:38:19,62.456,-114.3525,66.72,55,75,17.27
146,Kruisfontein,ZA,2022-07-25 19:41:34,-34.0033,24.7314,54.88,77,0,8.23
147,Mandera,KE,2022-07-25 19:41:35,3.9366,41.867,80.02,45,94,24.54
148,Kloulklubed,PW,2022-07-25 19:38:30,7.0419,134.2556,75.7,76,44,8.3
149,Saint-Pierre,RE,2022-07-25 19:41:35,-21.3393,55.4781,66.9,74,0,5.75
150,Avarua,CK,2022-07-25 19:41:36,-21.2078,-159.775,68.05,77,40,5.75
151,Pemangkat,ID,2022-07-25 19:41:36,1.1667,108.9667,78.17,86,100,7.94
152,Mareeba,AU,2022-07-25 19:41:36,-17.0,145.4333,63.32,97,0,2.35
153,Geraldton,AU,2022-07-25 19:38:29,-28.7667,114.6,43.21,87,7,9.22
154,Tiksi,RU,2022-07-25 19:41:37,71.6872,128.8694,48.34,89,48,3.6
155,Anadyr,RU,2022-07-25 19:38:08,64.75,177.4833,48.7,76,0,2.24
156,Kahului,US,2022-07-25 19:38:31,20.8947,-156.47,84.97,65,20,23.02
157,Kailua,US,2022-07-25 19:41:38,21.4022,-157.7394,82.38,66,100,9.22
158,Provideniya,RU,2022-07-25 19:38:27,64.3833,-173.3,41.4,88,100,8.93
159,Chokurdakh,RU,2022-07-25 19:41:38,70.6333,147.9167,50.32,55,100,13.29
160,Batetskiy,RU,2022-07-25 19:41:39,58.6461,30.3027,59.95,86,72,3.22
161,Saskylakh,RU,2022-07-25 19:41:39,71.9167,114.0833,64.02,85,100,2.77
162,Silifke,TR,2022-07-25 19:41:40,36.3778,33.9344,84.92,35,0,8.43
163,East London,ZA,2022-07-25 19:41:40,-33.0153,27.9116,57.15,66,0,10.47
164,Eureka,US,2022-07-25 19:40:13,40.8021,-124.1637,71.19,77,52,5.99
165,Dalvik,IS,2022-07-25 19:41:40,65.9702,-18.5286,53.53,86,100,1.88
166,Buraydah,SA,2022-07-25 19:41:41,26.326,43.975,100.85,15,15,10.83
167,Kuching,MY,2022-07-25 19:41:41,1.55,110.3333,75.42,100,40,1.14
168,Korla,CN,2022-07-25 19:41:42,41.7597,86.1469,80.35,29,33,8.68
169,Black River,JM,2022-07-25 19:41:42,18.0264,-77.8487,86.56,66,33,11.79
170,Nouadhibou,MR,2022-07-25 19:41:42,20.931,-17.0347,78.78,73,0,18.41
171,Dongying,CN,2022-07-25 19:41:14,37.4564,118.4856,76.19,70,100,8.32
172,Yatou,CN,2022-07-25 19:41:43,37.15,122.3833,70.88,86,0,3.78
173,Bara,NG,2022-07-25 19:41:43,10.3744,10.7288,79.18,74,61,12.53
174,Luena,AO,2022-07-25 19:41:44,-11.7833,19.9167,58.23,37,0,4.45
175,Awjilah,LY,2022-07-25 19:41:44,29.1081,21.2869,87.31,39,0,15.37
176,Bongandanga,CD,2022-07-25 19:41:44,1.5,21.05,73.33,90,98,1.32
177,Vitim,RU,2022-07-25 19:41:45,59.4511,112.5578,65.57,88,11,2.77
178,Codrington,AU,2022-07-25 19:41:45,-38.2667,141.9667,49.28,71,100,20.74
179,Villazon,BO,2022-07-25 19:41:46,-22.0866,-65.5942,62.89,4,0,5.66
180,Alice Springs,AU,2022-07-25 19:41:46,-23.7,133.8833,38.75,87,0,3.44
181,Sinjai,ID,2022-07-25 19:41:47,-5.1241,120.253,76.39,87,86,1.97
182,Moose Factory,CA,2022-07-25 19:41:47,51.2585,-80.6094,57.2,88,100,12.66
183,Oleggio,IT,2022-07-25 19:41:47,45.6015,8.6434,79.56,79,75,11.5
184,Hirara,JP,2022-07-25 19:41:48,24.8,125.2833,84.4,74,0,2.59
185,Challans,FR,2022-07-25 19:41:48,46.8436,-1.8749,68.92,81,24,13.53
186,Saint-Francois,FR,2022-07-25 19:41:49,46.4154,3.9054,76.44,53,0,9.22
187,Maragogi,BR,2022-07-25 19:42:09,-9.0122,-35.2225,74.52,78,18,9.82
188,Mount Isa,AU,2022-07-25 19:42:10,-20.7333,139.5,60.57,48,0,17.27
189,Severo-Kurilsk,RU,2022-07-25 19:39:58,50.6789,156.125,51.22,92,100,9.64
190,Lovozero,RU,2022-07-25 19:42:10,68.005,35.0117,54.7,76,74,7.29
191,San Patricio,US,2022-07-25 19:42:10,28.017,-97.5169,97.18,42,3,16.62
192,Mazagao,BR,2022-07-25 19:42:11,-0.115,-51.2894,87.85,57,51,5.5
193,Necochea,AR,2022-07-25 19:42:11,-38.5473,-58.7368,52.97,82,100,12.93
194,Comodoro Rivadavia,AR,2022-07-25 19:42:12,-45.8667,-67.5,44.46,70,75,2.3
195,Whitehorse,CA,2022-07-25 19:40:42,60.7161,-135.0538,65.17,59,75,17.27
196,Isangel,VU,2022-07-25 19:42:12,-19.55,169.2667,74.34,92,44,10.74
197,Asau,RO,2022-07-25 19:42:13,46.4333,26.4,70.72,54,30,2.46
198,Oskaloosa,US,2022-07-25 19:42:13,41.2964,-92.6444,75.78,78,0,0.0
199,Colares,PT,2022-07-25 19:42:13,38.7992,-9.4469,80.28,65,20,23.02
200,Narsaq,GL,2022-07-25 19:42:14,60.9167,-46.05,57.42,86,100,2.26
201,Arman,RU,2022-07-25 19:42:14,59.7,150.1667,57.36,81,10,3.29
202,Bend,US,2022-07-25 19:37:44,44.0582,-121.3153,92.25,19,0,5.75
203,Te Anau,NZ,2022-07-25 19:42:15,-45.4167,167.7167,38.71,97,100,2.68
204,Pucallpa,PE,2022-07-25 19:42:15,-8.3791,-74.5539,87.84,58,40,4.61
205,Deputatskiy,RU,2022-07-25 19:42:16,69.3,139.9,57.34,55,100,3.27
206,Hudson,US,2022-07-25 19:39:28,40.7168,-74.0663,91.33,69,75,4.61
207,Goba,ET,2022-07-25 19:42:16,7.0167,39.9833,52.48,88,98,4.59
208,Varna,BG,2022-07-25 19:40:56,43.2167,27.9167,70.88,96,0,4.61
209,Yaan,NG,2022-07-25 19:42:16,7.3833,8.5667,74.16,94,99,8.12
210,Cabedelo,BR,2022-07-25 19:40:10,-6.9811,-34.8339,83.07,78,33,16.13
211,Patiala,IN,2022-07-25 19:37:33,30.3267,76.4003,83.93,62,67,6.89
212,Hambantota,LK,2022-07-25 19:42:17,6.1241,81.1185,78.53,86,100,10.16
213,Channel-Port Aux Basques,CA,2022-07-25 19:42:18,47.5702,-59.1367,66.76,94,100,8.86
214,Usinsk,RU,2022-07-25 19:42:18,65.9939,57.5281,49.41,80,100,18.01
215,Sidmouth,GB,2022-07-25 19:42:19,50.6909,-3.2397,64.67,79,75,8.05
216,Torbay,CA,2022-07-25 19:42:19,47.6666,-52.7314,78.89,62,75,17.27
217,Bowen,AU,2022-07-25 19:42:19,-20.0167,148.2333,61.68,86,56,7.56
218,Panama City,PA,2022-07-25 19:42:20,8.9936,-79.5197,84.15,77,75,12.66
219,Arraial Do Cabo,BR,2022-07-25 19:38:21,-22.9661,-42.0278,76.96,73,0,17.27
220,Arlit,NE,2022-07-25 19:42:21,18.7369,7.3853,102.9,11,1,6.58
221,Orlik,RU,2022-07-25 19:42:21,52.5178,99.825,49.48,89,100,3.18
222,Rawson,AR,2022-07-25 19:42:21,-43.3002,-65.1023,44.8,91,100,13.56
223,Hay River,CA,2022-07-25 19:38:32,60.8156,-115.7999,67.98,49,20,12.66
224,Yulara,AU,2022-07-25 19:42:22,-25.2406,130.9889,45.36,63,0,10.22
225,Saldanha,ZA,2022-07-25 19:42:22,-33.0117,17.9442,55.45,61,0,10.0
226,Phan Thiet,VN,2022-07-25 19:42:12,10.9333,108.1,77.11,91,67,4.41
227,Acarau,BR,2022-07-25 19:42:23,-2.8856,-40.12,81.32,65,76,16.87
228,Acapulco,MX,2022-07-25 19:38:58,16.8634,-99.8901,87.62,66,75,8.05
229,Tautira,PF,2022-07-25 19:42:23,-17.7333,-149.15,74.88,87,98,4.83
230,Upernavik,GL,2022-07-25 19:42:24,72.7868,-56.1549,39.58,90,52,11.74
231,Aksarka,RU,2022-07-25 19:42:24,66.5606,67.7975,51.1,77,100,15.41
232,Jaque,PA,2022-07-25 19:42:45,7.5175,-78.1703,76.55,86,100,5.21
233,Georgetown,MY,2022-07-25 19:41:56,5.4112,100.3354,80.53,96,20,3.44
234,Chepen,PE,2022-07-25 19:42:45,-7.2167,-79.45,73.44,60,29,12.71
235,Bonaventure,CA,2022-07-25 19:42:45,48.0457,-65.4926,84.78,73,100,2.3
236,Ambon,ID,2022-07-25 19:42:46,-3.6954,128.1814,78.24,15,40,2.3
237,Sonipat,IN,2022-07-25 19:42:46,28.9833,77.0167,82.4,57,55,10.13
238,Avera,US,2022-07-25 19:42:46,33.194,-82.5271,92.71,43,100,8.28
239,Lae,PG,2022-07-25 19:42:47,-6.7221,146.9847,74.7,80,50,5.68
240,Denpasar,ID,2022-07-25 19:42:47,-8.65,115.2167,76.71,83,40,9.22
241,Port Elizabeth,ZA,2022-07-25 19:38:33,-33.918,25.5701,59.29,77,0,13.8
242,La Rioja,ES,2022-07-25 19:42:48,42.25,-2.5,64.18,93,25,5.26
243,Marsh Harbour,BS,2022-07-25 19:42:48,26.5412,-77.0636,84.27,71,93,14.29
244,Sovetskiy,RU,2022-07-25 19:42:48,61.3614,63.5842,59.83,53,100,9.28
245,Groningen,NL,2022-07-25 19:42:49,53.25,6.75,69.22,72,60,11.5
246,Vila Do Maio,CV,2022-07-25 19:42:49,15.1333,-23.2167,83.19,80,71,2.91
247,Manokwari,ID,2022-07-25 19:42:49,-0.8667,134.0833,78.03,78,87,3.31
248,Khatanga,RU,2022-07-25 19:42:50,71.9667,102.5,64.49,59,35,2.33
249,Moron,AR,2022-07-25 19:42:50,-34.6534,-58.6198,62.02,98,100,7.74
250,Acajutla,SV,2022-07-25 19:42:51,13.5928,-89.8275,84.78,68,56,7.56
251,Sandwick,GB,2022-07-25 19:42:51,60.0,-1.25,49.82,76,75,23.02
252,Natchitoches,US,2022-07-25 19:42:51,31.7668,-93.1335,97.65,44,0,3.44
253,Kavaratti,IN,2022-07-25 19:42:52,10.5669,72.642,81.34,76,19,16.11
254,Camabatela,AO,2022-07-25 19:42:52,-8.1881,15.375,68.47,56,72,4.97
255,Muisne,EC,2022-07-25 19:42:52,0.6,-80.0333,75.81,80,93,11.88
256,Batagay,RU,2022-07-25 19:42:53,67.6333,134.6333,66.33,69,100,1.21
257,Cidreira,BR,2022-07-25 19:42:53,-30.1811,-50.2056,63.48,90,39,6.62
258,Iranshahr,IR,2022-07-25 19:42:54,27.2025,60.6848,84.54,79,100,0.0
259,Tyubuk,RU,2022-07-25 19:42:54,56.0552,60.9405,60.17,89,76,5.97
260,Fairbanks,US,2022-07-25 19:38:31,64.8378,-147.7164,70.61,57,75,10.36
261,Pringsewu,ID,2022-07-25 19:42:55,-5.3582,104.9744,71.71,98,97,3.38
262,Manzhouli,CN,2022-07-25 19:42:55,49.6,117.4333,61.95,98,94,7.94
263,Labuhan,ID,2022-07-25 19:42:56,-6.8844,112.2051,72.01,81,73,7.7
264,Neryungri,RU,2022-07-25 19:42:56,56.6709,124.6491,60.4,86,5,2.3
265,Dingle,PH,2022-07-25 19:42:56,10.9995,122.6711,75.6,91,75,1.66
266,Nago,JP,2022-07-25 19:42:57,26.5881,127.9761,81.03,83,0,1.14
267,Touros,BR,2022-07-25 19:42:57,-5.1989,-35.4608,77.32,71,84,16.35
268,Oranjemund,NA,2022-07-25 19:42:58,-28.55,16.4333,58.28,75,0,7.87
269,Fort Saint James,CA,2022-07-25 19:42:58,54.4333,-124.25,77.2,42,1,4.88
270,San Felipe,VE,2022-07-25 19:42:58,10.3399,-68.7425,87.37,52,98,1.39
271,Berlevag,NO,2022-07-25 19:42:59,70.8578,29.0864,57.0,87,100,9.22
272,Eloy,US,2022-07-25 19:42:59,32.7559,-111.5548,96.82,43,57,8.52
273,Meulaboh,ID,2022-07-25 19:43:00,4.1363,96.1285,74.64,96,100,5.44
274,Atambua,ID,2022-07-25 19:43:00,-9.1061,124.8925,66.16,87,12,5.77
275,Eston,CA,2022-07-25 19:43:00,51.1501,-108.7514,64.92,57,86,15.93
276,Grindavik,IS,2022-07-25 19:43:01,63.8424,-22.4338,52.27,82,75,9.22
277,Curaca,BR,2022-07-25 19:43:01,-8.9903,-39.9094,84.22,33,100,17.9
278,Bougouni,ML,2022-07-25 19:43:01,11.417,-7.479,75.61,87,100,4.12
279,Buenos Aires,AR,2022-07-25 19:40:58,-34.6132,-58.3772,62.01,97,100,14.97
280,Belmonte,BR,2022-07-25 19:43:22,-15.8631,-38.8828,73.81,73,33,8.14
281,Leshukonskoye,RU,2022-07-25 19:43:23,64.8989,45.7622,47.41,82,12,2.73
282,Barguzin,RU,2022-07-25 19:43:23,53.6167,109.6167,57.78,95,44,4.94
283,Storforshei,NO,2022-07-25 19:43:23,66.4043,14.5233,65.98,63,40,9.22
284,Gari,RU,2022-07-25 19:43:24,59.4307,62.3497,62.01,97,47,5.57
285,Ningbo,CN,2022-07-25 19:43:24,29.8782,121.5495,76.98,88,0,6.71
286,Craig,US,2022-07-25 19:40:46,40.5153,-107.5464,78.75,44,0,0.0
287,Wamba,NG,2022-07-25 19:43:24,8.9333,8.6,74.1,93,65,2.04
288,Eatonton,US,2022-07-25 19:42:56,33.3268,-83.3885,94.35,68,100,5.32
289,Jacobina,BR,2022-07-25 19:43:25,-11.1806,-40.5183,73.36,65,100,9.48
290,Mahina,PF,2022-07-25 19:43:25,-17.5065,-149.489,78.57,73,40,2.3
291,Coxim,BR,2022-07-25 19:43:26,-18.5067,-54.76,94.95,16,0,4.59
292,Itacoatiara,BR,2022-07-25 19:40:57,-3.1431,-58.4442,86.29,55,72,1.45
293,Conway,US,2022-07-25 19:40:49,35.0887,-92.4421,101.28,36,0,10.36
294,Araxa,BR,2022-07-25 19:42:27,-19.5933,-46.9406,80.56,32,0,4.61
295,Doba,TD,2022-07-25 19:43:26,8.65,16.85,79.32,77,100,2.33
296,Pimentel,PE,2022-07-25 19:43:27,-6.8367,-79.9342,70.09,64,0,17.27
297,Warri,NG,2022-07-25 19:43:27,5.5167,5.75,74.43,94,100,4.76
298,Ulaanbaatar,MN,2022-07-25 19:43:27,47.9077,106.8832,55.53,76,40,2.24
299,Zaysan,KZ,2022-07-25 19:43:28,47.4667,84.8667,60.48,37,0,7.99
300,Magistralnyy,RU,2022-07-25 19:43:28,56.1725,107.4458,61.52,98,100,3.33
301,Beira,MZ,2022-07-25 19:43:25,-19.8436,34.8389,69.89,88,75,12.66
302,Kawhia,NZ,2022-07-25 19:43:29,-38.0651,174.8183,61.5,94,39,10.83
303,Anaco,VE,2022-07-25 19:43:29,9.4389,-64.4728,87.64,50,42,10.02
304,The Pas,CA,2022-07-25 19:43:29,53.8251,-101.2541,71.62,56,75,11.5
305,Maniitsoq,GL,2022-07-25 19:43:30,65.4167,-52.9,42.37,91,98,14.2
306,Svetlogorsk,BY,2022-07-25 19:43:30,52.6333,29.7333,58.55,94,0,6.35
307,Coquimbo,CL,2022-07-25 19:43:17,-29.9533,-71.3436,58.73,67,75,6.91
308,Honningsvag,NO,2022-07-25 19:43:31,70.9821,25.9704,51.55,93,75,0.0
309,Faya,SA,2022-07-25 19:43:31,18.3851,42.4509,61.32,70,100,2.01
310,Los Llanos De Aridane,ES,2022-07-25 19:43:31,28.6585,-17.9182,71.35,83,0,13.8
311,Pisco,PE,2022-07-25 19:43:32,-13.7,-76.2167,62.65,82,75,8.05
312,Flinders,AU,2022-07-25 19:43:32,-34.5833,150.8552,57.38,90,100,4.0
313,Nizhnevartovsk,RU,2022-07-25 19:43:32,60.9344,76.5531,57.22,100,0,6.71
314,Kiunga,PG,2022-07-25 19:43:33,-6.1219,141.2906,73.35,99,100,2.15
315,Mana,GF,2022-07-25 19:43:33,5.6592,-53.7767,82.49,77,99,9.15
316,Kununurra,AU,2022-07-25 19:43:34,-15.7667,128.7333,53.58,82,3,0.0
317,Broken Hill,AU,2022-07-25 19:43:34,-31.95,141.4333,43.3,83,0,13.87
318,Celestun,MX,2022-07-25 19:39:49,20.8667,-90.4,83.7,73,100,12.46
319,Luganville,VU,2022-07-25 19:43:35,-15.5333,167.1667,77.56,85,7,2.3
320,Luderitz,NA,2022-07-25 19:43:35,-26.6481,15.1594,57.06,81,23,9.78
321,Saint Anthony,US,2022-07-25 19:43:35,45.0205,-93.218,80.04,41,0,11.5
322,Rudolstadt,DE,2022-07-25 19:43:36,50.7167,11.3333,83.41,79,46,12.28
323,Puerto Escondido,MX,2022-07-25 19:38:42,15.85,-97.0667,88.63,66,40,5.75
324,Tarragona,ES,2022-07-25 19:43:36,41.129,1.249,82.24,73,75,8.05
325,Phangnga,TH,2022-07-25 19:43:37,8.4509,98.5298,78.84,93,100,2.46
326,Qasigiannguit,GL,2022-07-25 19:43:37,68.8193,-51.1922,46.65,90,100,3.56
327,Roald,NO,2022-07-25 19:43:57,62.5833,6.1333,64.17,94,75,4.61
328,Henties Bay,NA,2022-07-25 19:43:58,-22.116,14.2845,55.29,93,17,3.31
329,Ribeira Grande,PT,2022-07-25 19:43:46,38.5167,-28.7,77.4,83,40,9.22
330,Leningradskiy,RU,2022-07-25 19:38:31,69.3833,178.4167,32.72,95,100,5.77
331,Methoni,GR,2022-07-25 19:43:58,36.8197,21.7049,82.22,68,0,8.68
332,Sitka,US,2022-07-25 19:43:58,57.0531,-135.33,57.09,88,100,3.44
333,Palomares,MX,2022-07-25 19:43:59,17.15,-95.0667,82.54,77,72,10.18
334,Haines Junction,CA,2022-07-25 19:43:59,60.7522,-137.5108,64.35,59,100,4.61
335,Carupano,VE,2022-07-25 19:43:59,10.6678,-63.2585,85.23,62,95,13.87
336,Sompeta,IN,2022-07-25 19:44:00,18.9333,84.6,81.34,85,100,6.15
337,Axim,GH,2022-07-25 19:44:00,4.8699,-2.2405,74.93,86,92,7.63
338,Syracuse,IT,2022-07-25 19:39:51,37.0881,15.2792,85.59,62,0,0.51
339,Gushikawa,JP,2022-07-25 19:44:01,26.3544,127.8686,83.43,89,40,4.61
340,Ulaangom,MN,2022-07-25 19:44:01,49.9811,92.0667,57.65,52,46,6.08
341,Oranjestad,AW,2022-07-25 19:44:01,12.524,-70.027,87.75,66,20,19.57
342,Riverton,US,2022-07-25 19:40:07,40.5219,-111.9391,95.5,29,0,5.01
343,Ravar,IR,2022-07-25 19:44:02,31.2656,56.8055,92.46,28,55,15.32
344,Ilulissat,GL,2022-07-25 19:44:02,69.2167,-51.1,46.42,87,75,4.61
345,Nguruka,TZ,2022-07-25 19:44:02,-5.1092,31.0419,71.02,42,98,5.39
346,Manacapuru,BR,2022-07-25 19:44:03,-3.2997,-60.6206,89.94,49,79,4.12
347,Urbino,IT,2022-07-25 19:44:03,43.7298,12.6356,84.74,49,0,2.98
348,Ayan,RU,2022-07-25 19:44:04,56.45,138.1667,55.9,90,100,11.43
349,Norman Wells,CA,2022-07-25 19:38:20,65.282,-126.8329,73.44,43,20,9.22
350,Zabaykalsk,RU,2022-07-25 19:44:04,49.6333,117.3167,61.83,98,98,8.99
351,Bandar-E Lengeh,IR,2022-07-25 19:44:05,26.5579,54.8807,91.6,79,100,16.73
352,Tucupita,VE,2022-07-25 19:44:05,9.0622,-62.051,85.37,66,96,2.08
353,Mindyak,RU,2022-07-25 19:44:05,54.0231,58.7891,58.39,84,13,1.19
354,Ambulu,ID,2022-07-25 19:44:06,-8.345,113.6058,69.26,89,94,3.36
355,Berdigestyakh,RU,2022-07-25 19:44:06,62.0989,126.6992,62.13,76,79,4.63
356,Sabla,NG,2022-07-25 19:44:06,12.7525,4.7077,86.79,56,20,1.52
357,Coihaique,CL,2022-07-25 19:42:02,-45.5752,-72.0662,37.35,70,40,3.44
358,Bilibino,RU,2022-07-25 19:44:07,68.0546,166.4372,46.45,61,19,5.06
359,Souillac,MU,2022-07-25 19:44:07,-20.5167,57.5167,68.38,83,40,11.5
360,Elizabeth City,US,2022-07-25 19:44:07,36.2946,-76.2511,95.0,61,20,16.11
361,Ostrovnoy,RU,2022-07-25 19:38:19,68.0531,39.5131,51.15,77,61,4.25
362,Pangnirtung,CA,2022-07-25 19:44:08,66.1451,-65.7125,52.27,66,31,4.27
363,Patrocinio,BR,2022-07-25 19:44:09,-18.9439,-46.9925,77.49,29,0,3.83
364,Caravelas,BR,2022-07-25 19:44:09,-17.7125,-39.2481,72.12,80,49,5.21
365,Barcelos,PT,2022-07-25 19:40:41,41.5388,-8.6151,79.92,78,1,8.37
366,Kutum,SD,2022-07-25 19:44:09,14.2,24.6667,88.2,27,91,4.85
367,Kieta,PG,2022-07-25 19:44:10,-6.2167,155.6333,77.79,85,78,2.93
368,Diu,IN,2022-07-25 19:44:10,20.7141,70.9822,81.59,79,100,15.05
369,Rio Grande,BR,2022-07-25 19:44:10,-32.035,-52.0986,68.11,95,92,5.28
370,Finnsnes,NO,2022-07-25 19:44:11,69.2296,17.9811,59.61,89,99,3.51
371,Kavieng,PG,2022-07-25 19:44:11,-2.5744,150.7967,81.14,81,18,17.0
372,Duluth,US,2022-07-25 19:41:21,46.7833,-92.1066,77.29,41,0,12.66
373,Upata,VE,2022-07-25 19:44:31,8.0086,-62.3989,77.34,83,78,0.18
374,Aden,YE,2022-07-25 19:44:32,12.7794,45.0367,84.99,70,100,7.63
375,Beringovskiy,RU,2022-07-25 19:44:32,63.05,179.3167,45.0,76,100,4.79
376,Pizarro,CO,2022-07-25 19:44:32,4.9533,-77.366,77.56,88,100,6.02
377,Vanimo,PG,2022-07-25 19:44:33,-2.6741,141.3028,76.42,91,83,4.68
378,Umea,SE,2022-07-25 19:44:33,63.8284,20.2597,62.53,94,75,8.05
379,Port Lincoln,AU,2022-07-25 19:42:30,-34.7333,135.8667,51.55,71,13,9.46
380,Ust-Nera,RU,2022-07-25 19:44:33,64.5667,143.2,66.65,50,11,3.42
381,Quatre Cocos,MU,2022-07-25 19:41:05,-20.2078,57.7625,68.11,77,18,11.32
382,Bereda,ES,2022-07-25 19:44:34,43.2686,-7.5406,66.42,93,15,5.08
383,Akita,JP,2022-07-25 19:44:34,39.7167,140.1167,75.31,80,75,2.42
384,Normandin,CA,2022-07-25 19:44:35,48.8333,-72.5321,71.91,56,84,24.16
385,Zabol,AF,2022-07-25 19:44:35,32.25,67.25,71.85,70,95,9.55
386,Hovd,MN,2022-07-25 19:44:35,48.0056,91.6419,56.44,57,6,2.28
387,Esna,EG,2022-07-25 19:44:36,25.2934,32.554,93.22,14,0,9.06
388,Iberia,US,2022-07-25 19:41:15,29.9502,-91.7507,86.99,88,40,5.75
389,Crib Point,AU,2022-07-25 19:44:36,-38.35,145.2,49.89,89,58,17.94
390,Benghazi,LY,2022-07-25 19:41:45,32.1167,20.0667,81.07,76,0,13.24
391,Ouargaye,BF,2022-07-25 19:44:37,11.5033,0.0572,83.3,61,59,5.35
392,Raga,SS,2022-07-25 19:44:37,8.4596,25.678,72.37,86,64,4.47
393,Cayenne,GF,2022-07-25 19:44:37,4.9333,-52.3333,85.08,19,99,4.61
394,Sayansk,RU,2022-07-25 19:44:37,54.1088,102.1648,50.97,96,100,13.22
395,Semily,CZ,2022-07-25 19:44:38,50.6019,15.3355,77.77,57,55,4.47
396,Fortuna,US,2022-07-25 19:43:42,40.5982,-124.1573,70.92,70,37,5.01
397,Bengkulu,ID,2022-07-25 19:44:38,-3.8004,102.2655,71.76,86,100,3.31
398,Umm Lajj,SA,2022-07-25 19:44:39,25.0213,37.2685,86.16,60,48,1.39
399,Resende,BR,2022-07-25 19:44:39,-22.4689,-44.4467,74.73,52,5,3.2
400,Palmer,US,2022-07-25 19:40:04,42.1584,-72.3287,86.52,58,75,17.27
401,Talnakh,RU,2022-07-25 19:38:21,69.4865,88.3972,54.21,87,57,6.71
402,Alofi,NU,2022-07-25 19:42:36,-19.0595,-169.9187,69.69,73,75,4.61
403,Bugene,TZ,2022-07-25 19:44:40,-1.5911,31.1403,65.23,50,50,2.1
404,Inhambane,MZ,2022-07-25 19:42:24,-23.865,35.3833,66.18,72,0,3.44
405,Mar Del Plata,AR,2022-07-25 19:42:57,-38.0023,-57.5575,55.09,93,100,16.11
406,Vostok,RU,2022-07-25 19:44:40,46.4856,135.8833,58.73,98,19,3.15
407,Pacific Grove,US,2022-07-25 19:41:47,36.6177,-121.9166,71.2,83,75,8.99
408,Alberton,CA,2022-07-25 19:44:40,46.8168,-64.0654,78.71,68,100,18.21
409,Paamiut,GL,2022-07-25 19:44:41,61.994,-49.6678,44.64,87,22,3.62
410,Ashqelon,IL,2022-07-25 19:44:41,31.6693,34.5715,82.29,68,0,2.86
411,Selenginsk,RU,2022-07-25 19:44:42,52.0064,106.8647,61.21,98,100,4.59
412,Nelson Bay,AU,2022-07-25 19:44:42,-32.7167,152.15,53.01,98,31,3.0
413,Ribnitz-Damgarten,DE,2022-07-25 19:44:42,54.25,12.4667,68.05,100,100,12.26
414,Dorokhovo,RU,2022-07-25 19:44:42,55.5506,36.3744,59.56,98,56,4.92
415,Kaitangata,NZ,2022-07-25 19:44:43,-46.2817,169.8464,46.02,93,100,17.18
416,Cenotillo,MX,2022-07-25 19:44:43,20.9667,-88.6167,89.71,45,97,6.53
417,Zaraza,VE,2022-07-25 19:44:43,9.3503,-65.3245,86.86,56,83,9.62
418,Namibe,AO,2022-07-25 19:38:20,-15.1961,12.1522,63.25,83,3,6.13
419,Tongling,CN,2022-07-25 19:44:44,30.95,117.7833,77.49,89,95,3.02
420,Yomou,GN,2022-07-25 19:45:04,7.5603,-9.2653,72.3,85,99,2.15
421,Verkh-Usugli,RU,2022-07-25 19:45:05,52.7,115.1667,55.96,97,92,2.82
422,Sinnamary,GF,2022-07-25 19:45:05,5.3833,-52.95,83.28,73,99,9.19
423,Bom Jesus,BR,2022-07-25 19:45:05,-9.0744,-44.3586,90.46,24,91,8.97
424,Tuatapere,NZ,2022-07-25 19:45:06,-46.1333,167.6833,44.89,94,100,12.93
425,Chibombo,ZM,2022-07-25 19:45:06,-14.6569,28.0706,58.98,51,2,5.26
426,Sao Filipe,CV,2022-07-25 19:45:07,14.8961,-24.4956,79.14,86,100,5.37
427,La Peca,PE,2022-07-25 19:45:07,-5.6111,-78.435,81.5,56,72,4.32
428,Mantsala,FI,2022-07-25 19:45:07,60.6609,25.2838,67.75,80,99,5.77
429,Reconquista,AR,2022-07-25 19:45:08,-29.15,-59.65,81.48,53,2,9.4
430,Smyrna,US,2022-07-25 19:41:22,33.884,-84.5144,90.81,60,75,6.91
431,Goderich,CA,2022-07-25 19:38:25,43.7501,-81.7165,69.91,56,0,8.05
432,Kristiinankaupunki,FI,2022-07-25 19:45:09,62.2743,21.376,63.23,88,100,17.31
433,Vilyuysk,RU,2022-07-25 19:45:09,63.7553,121.6247,63.21,80,9,5.41
434,Tura,IN,2022-07-25 19:45:09,25.5198,90.2201,73.58,97,100,3.24
435,Pontianak,ID,2022-07-25 19:45:10,-0.0333,109.3333,76.98,94,75,3.44
436,Cerrito,CO,2022-07-25 19:45:10,6.8432,-72.694,58.15,89,91,2.44
437,Dvinskoy,RU,2022-07-25 19:45:11,62.1535,45.1175,54.43,79,1,4.65
438,Macau,MO,2022-07-25 19:45:11,22.2006,113.5461,88.86,79,20,9.22
439,Salym,RU,2022-07-25 19:45:11,60.0625,71.4789,60.51,76,93,3.49
440,San Quintin,MX,2022-07-25 19:38:28,30.4833,-115.95,73.13,69,2,11.81
441,Lingao,CN,2022-07-25 19:45:12,19.9103,109.6859,79.95,84,32,3.31
442,Lithakia,GR,2022-07-25 19:45:12,37.7167,20.8333,79.88,83,0,5.75
443,Porbandar,IN,2022-07-25 19:45:13,21.6422,69.6093,81.27,84,100,15.41
444,Lysyye Gory,RU,2022-07-25 19:45:13,51.5506,44.8414,63.37,90,59,3.85
445,Mityana,UG,2022-07-25 19:45:13,0.4175,32.0228,69.03,64,99,2.46
446,Opuwo,NA,2022-07-25 19:45:14,-18.0607,13.84,64.89,32,18,5.48
447,Karratha,AU,2022-07-25 19:45:14,-20.7377,116.8463,63.86,40,2,11.43
448,Vanavara,RU,2022-07-25 19:45:15,60.34,102.2797,61.68,87,100,5.37
449,Samarai,PG,2022-07-25 19:45:15,-10.6167,150.6667,79.14,82,92,16.24
450,Mandalgovi,MN,2022-07-25 19:45:15,45.7625,106.2708,60.35,65,100,4.85
451,Marsa Matruh,EG,2022-07-25 19:45:16,31.3525,27.2453,78.4,77,0,11.5
452,Lincoln,US,2022-07-25 19:40:30,40.8,-96.667,73.47,85,100,3.44
453,Tres Picos,MX,2022-07-25 19:45:16,15.8667,-93.5333,89.37,56,44,5.1
454,Lillesand,NO,2022-07-25 19:45:16,58.2488,8.3778,60.89,88,75,9.22
455,Griffith,US,2022-07-25 19:45:17,41.5284,-87.4237,79.25,67,0,10.36
456,Lorengau,PG,2022-07-25 19:45:17,-2.0226,147.2712,80.33,80,93,7.94
457,Talcahuano,CL,2022-07-25 19:45:17,-36.7167,-73.1167,55.08,88,100,26.46
458,Hami,CN,2022-07-25 19:45:18,42.8,93.45,81.57,18,85,17.02
459,Honiara,SB,2022-07-25 19:43:19,-9.4333,159.95,77.43,86,36,5.79
460,Belgrade,RS,2022-07-25 19:40:31,44.804,20.4651,80.42,53,0,3.44
461,Gobabis,NA,2022-07-25 19:45:18,-22.45,18.9667,63.72,29,81,10.96
462,Price,US,2022-07-25 19:41:07,39.5994,-110.8107,83.46,30,0,6.91
463,Bogacs,HU,2022-07-25 19:45:19,47.9,20.5333,73.78,38,0,1.41
464,Nicoya,CR,2022-07-25 19:45:19,10.1483,-85.452,85.15,64,47,2.53
465,Erenhot,CN,2022-07-25 19:41:17,43.6475,111.9767,81.66,25,100,19.1
466,Salalah,OM,2022-07-25 19:45:40,17.0151,54.0924,77.09,100,100,4.61
467,Sambava,MG,2022-07-25 19:45:40,-14.2667,50.1667,69.91,85,94,11.01
468,Raipur,IN,2022-07-25 19:45:40,21.2333,81.6333,77.07,87,100,6.06
469,Grand Gaube,MU,2022-07-25 19:45:41,-20.0064,57.6608,68.4,81,6,15.17
470,Nhulunbuy,AU,2022-07-25 19:45:41,-12.2333,136.7667,68.61,94,0,5.75
471,Sokoni,TZ,2022-07-25 19:45:41,-6.4333,39.55,75.06,76,51,15.5
472,Tual,ID,2022-07-25 19:45:42,-5.6667,132.75,79.72,82,24,20.76
473,Vestmannaeyjar,IS,2022-07-25 19:45:42,63.4427,-20.2734,52.79,82,0,9.22
474,Okhotsk,RU,2022-07-25 19:45:42,59.3833,143.3,55.85,86,85,4.9
475,Valley City,US,2022-07-25 19:45:43,46.9233,-98.0032,75.72,57,40,14.97
476,Havelock,US,2022-07-25 19:45:43,34.8791,-76.9013,89.58,77,75,17.27
477,Melchor De Mencos,GT,2022-07-25 19:45:44,17.0686,-89.1522,87.8,66,75,3.44
478,Sennoy,RU,2022-07-25 19:45:44,52.1509,46.9631,63.82,91,97,3.02
479,Saint George,US,2022-07-25 19:45:25,37.1041,-113.5841,97.79,32,0,17.27
480,Catabola,AO,2022-07-25 19:45:45,-12.15,17.2833,62.28,30,1,2.68
481,Olafsvik,IS,2022-07-25 19:45:45,64.8945,-23.7142,53.17,64,95,5.7
482,Bouna,CI,2022-07-25 19:45:45,9.2667,-3.0,73.85,80,15,5.35
483,Luba,GQ,2022-07-25 19:45:46,3.4568,8.5547,76.89,91,100,8.68
484,Bandarbeyla,SO,2022-07-25 19:45:46,9.4942,50.8122,76.19,83,56,31.68
485,Kaeo,NZ,2022-07-25 19:45:46,-35.1,173.7833,56.32,97,31,17.54
486,Aykhal,RU,2022-07-25 19:45:47,66.0,111.5,62.6,88,48,5.64
487,Kemerovo,RU,2022-07-25 19:45:47,55.3333,86.0833,56.89,100,40,7.0
488,Diplo,PK,2022-07-25 19:45:47,24.4667,69.584,82.09,83,91,14.61
489,Ilhabela,BR,2022-07-25 19:43:47,-23.7781,-45.3581,70.3,80,55,1.68
490,Manzanillo,CU,2022-07-25 19:45:48,20.3433,-77.1167,86.56,63,85,7.81
491,Saharanpur,IN,2022-07-25 19:45:48,29.9667,77.55,83.23,64,77,5.84
492,Wenling,CN,2022-07-25 19:45:49,28.3669,121.36,78.28,88,93,6.69
493,Carlyle,US,2022-07-25 19:42:56,38.6103,-89.3726,82.22,61,98,1.99
494,Tigil,RU,2022-07-25 19:45:49,57.8,158.6667,55.0,63,87,2.28
495,Del Carmen,PH,2022-07-25 19:45:49,9.8694,125.9697,80.98,78,100,2.13
496,Mackay,AU,2022-07-25 19:42:26,-21.15,149.2,60.67,86,46,6.51
497,Chokwe,MZ,2022-07-25 19:45:50,-24.5333,32.9833,59.49,76,0,4.59
498,Nuuk,GL,2022-07-25 19:45:50,64.1835,-51.7216,52.41,71,20,6.91
499,Marabba,SD,2022-07-25 19:45:50,12.35,32.1833,80.76,63,100,5.39
500,Guarapari,BR,2022-07-25 19:45:51,-20.6667,-40.4975,73.89,74,9,10.6
501,Dicabisagan,PH,2022-07-25 19:45:51,17.0818,122.4157,78.44,87,100,3.33
502,Vila Franca Do Campo,PT,2022-07-25 19:45:51,37.7167,-25.4333,73.81,82,50,5.19
503,Svetlaya,RU,2022-07-25 19:45:52,46.5389,138.3297,64.29,92,21,3.56
504,Naliya,IN,2022-07-25 19:45:52,23.2667,68.8333,80.91,84,99,17.43
505,Solnechnyy,RU,2022-07-25 19:45:52,50.7214,136.6319,61.34,98,89,5.61
506,Iralaya,HN,2022-07-25 19:45:53,15.0,-83.2333,78.62,81,100,6.11
507,Nagua,DO,2022-07-25 19:45:53,19.3832,-69.8474,86.31,94,40,13.8
508,Binga,ZW,2022-07-25 19:46:13,-17.6203,27.3414,65.53,47,2,2.13
509,Jacareacanga,BR,2022-07-25 19:46:14,-6.2222,-57.7528,97.86,24,14,4.7
510,Abu Kamal,SY,2022-07-25 19:46:14,34.4506,40.9171,89.96,14,0,7.63
511,Sur,OM,2022-07-25 19:46:14,22.5667,59.5289,85.15,72,100,7.49
512,Itarema,BR,2022-07-25 19:46:15,-2.9248,-39.9167,80.38,67,78,16.67
513,Graham,US,2022-07-25 19:46:15,47.0529,-122.2943,86.95,51,0,8.05
514,Bilma,NE,2022-07-25 19:46:15,18.6853,12.9164,94.91,12,8,10.27
515,Sergiyevsk,RU,2022-07-25 19:46:16,53.9413,51.165,63.52,85,100,3.62
516,Venice,US,2022-07-25 19:42:36,27.0998,-82.4543,93.11,67,75,10.36
517,Carutapera,BR,2022-07-25 19:46:16,-1.195,-46.02,81.1,80,98,6.98
518,Wasilla,US,2022-07-25 19:41:34,61.5814,-149.4394,65.75,76,100,32.21
519,Salinopolis,BR,2022-07-25 19:42:42,-0.6136,-47.3561,81.1,78,100,10.85
520,Frunze,UA,2022-07-25 19:46:17,48.6686,38.7544,64.22,83,100,4.38
521,Poum,NC,2022-07-25 19:46:17,-20.2333,164.0167,72.39,77,1,18.45
522,Cap Malheureux,MU,2022-07-25 19:46:17,-19.9842,57.6142,66.47,81,6,15.26
523,Porto Empedocle,IT,2022-07-25 19:46:18,37.2934,13.5264,82.31,44,0,5.97
524,Letterkenny,IE,2022-07-25 19:46:18,54.95,-7.7333,57.09,79,100,9.37
525,Gwadar,PK,2022-07-25 19:46:19,25.1216,62.3254,81.28,87,100,6.02
526,Melnikovo,RU,2022-07-25 19:46:19,56.5558,84.085,54.25,93,70,3.02
527,Jalu,LY,2022-07-25 19:46:19,29.0331,21.5482,87.78,32,0,11.36
528,Skjervoy,NO,2022-07-25 19:46:19,70.0311,20.9714,55.53,82,100,8.68
529,Matara,LK,2022-07-25 19:46:20,5.9485,80.5353,77.67,90,100,10.69
530,Spas-Demensk,RU,2022-07-25 19:46:20,54.4122,34.0226,58.28,96,84,3.91
531,Sobolevo,RU,2022-07-25 19:46:20,54.4299,31.8996,58.26,95,8,6.53
532,Olinda,BR,2022-07-25 19:42:56,-8.0089,-34.8553,78.53,61,75,17.27
533,Syamzha,RU,2022-07-25 19:46:21,60.0158,41.0614,60.93,92,83,5.1
534,Nizhniy Baskunchak,RU,2022-07-25 19:46:22,48.2198,46.8311,73.2,51,62,4.83
535,Lima,PE,2022-07-25 19:46:22,-12.0432,-77.0282,69.91,73,100,11.5
536,Alcains,PT,2022-07-25 19:46:22,39.9164,-7.4566,77.67,45,0,9.37
537,Helong,CN,2022-07-25 19:46:23,42.5397,128.9972,65.12,96,99,4.12
538,Half Moon Bay,US,2022-07-25 19:46:23,37.4636,-122.4286,79.81,68,40,14.97
539,Chuguyevka,RU,2022-07-25 19:46:23,44.1653,133.8633,62.01,98,2,2.66
540,Muroto,JP,2022-07-25 19:46:24,33.2833,134.15,79.54,82,100,5.32
541,Waingapu,ID,2022-07-25 19:46:24,-9.6567,120.2641,70.88,80,96,6.33
542,San Vicente,AR,2022-07-25 19:46:25,-26.6167,-54.1333,75.74,56,0,1.43
543,Algeciras,ES,2022-07-25 19:46:25,36.1333,-5.4505,78.48,83,0,2.3
544,Kadirli,TR,2022-07-25 19:46:25,37.3739,36.0961,77.22,41,0,2.89
545,Cockburn Town,TC,2022-07-25 19:46:26,21.4612,-71.1419,81.88,81,14,22.35
546,Lukow,PL,2022-07-25 19:46:26,51.929,22.3796,65.93,65,3,7.99
547,Nowogard,PL,2022-07-25 19:46:26,53.6744,15.1163,71.78,94,40,4.61
548,Fortuna Foothills,US,2022-07-25 19:46:27,32.6578,-114.4119,99.57,39,40,13.8
549,Fukue,JP,2022-07-25 19:46:27,32.6881,128.8419,77.02,79,5,4.94
550,Joshimath,IN,2022-07-25 19:46:27,30.5667,79.5667,71.64,90,100,0.78
551,Sorong,ID,2022-07-25 19:46:28,-0.8833,131.25,78.35,85,100,5.35
552,Mataruska Banja,RS,2022-07-25 19:46:48,43.6901,20.6109,73.35,46,0,2.3
553,Muros,ES,2022-07-25 19:46:49,42.7762,-9.0603,66.79,75,0,9.71
554,Mahebourg,MU,2022-07-25 19:42:29,-20.4081,57.7,68.29,83,40,11.5
